Main_PRID,Language,Extracted_PRID,Extracted_Language
1487867,NaN,NaN,NaN
1487868,NaN,NaN,NaN
1487869,NaN,1487870,English
1487871,NaN,1487872,English
1487873,NaN,1487874,English
1487875,NaN,1487876,English
1487877,NaN,1487878,English
1487879,NaN,1487880,English
1487881,NaN,1487882,English
1487883,NaN,1487884,English
1487885,NaN,1487886,English
1487887,NaN,1487889,English
1487888,NaN,1487890,English
1487891,NaN,1487892,English
1487893,NaN,1487894,English
1487895,NaN,NaN,NaN
1487896,NaN,NaN,NaN
1487897,NaN,1487898,Gujarati
1487899,NaN,NaN,NaN
1487900,NaN,NaN,NaN
1487901,NaN,NaN,NaN
1487902,NaN,NaN,NaN
1487903,NaN,NaN,NaN
1487904,NaN,NaN,NaN
1487905,NaN,NaN,NaN
1487906,NaN,NaN,NaN
1487907,NaN,NaN,NaN
1487908,NaN,NaN,NaN
1487909,NaN,NaN,NaN
1487910,NaN,NaN,NaN
1487911,NaN,NaN,NaN
1487912,NaN,NaN,NaN
1487913,NaN,NaN,NaN
1487915,NaN,NaN,NaN
1487916,NaN,NaN,NaN
1487917,NaN,NaN,NaN
1487918,NaN,NaN,NaN
1487919,NaN,NaN,NaN
1487920,NaN,NaN,NaN
1487921,NaN,NaN,NaN
1487922,NaN,NaN,NaN
1487923,NaN,NaN,NaN
1487924,NaN,NaN,NaN
1487925,NaN,NaN,NaN
1487926,NaN,NaN,NaN
1487927,NaN,NaN,NaN
1487928,NaN,NaN,NaN
1487929,NaN,NaN,NaN
1487930,NaN,NaN,NaN
1487931,NaN,NaN,NaN
1487932,NaN,NaN,NaN
1487933,NaN,NaN,NaN
1487934,NaN,NaN,NaN
1487935,NaN,NaN,NaN
1487936,NaN,NaN,NaN
1487937,NaN,NaN,NaN
1487938,NaN,NaN,NaN
1487939,NaN,NaN,NaN
1487940,NaN,NaN,NaN
1487941,NaN,NaN,NaN
1487942,NaN,NaN,NaN
1487943,NaN,NaN,NaN
1487945,NaN,NaN,NaN
1487946,NaN,NaN,NaN
1487947,NaN,NaN,NaN
1487948,NaN,NaN,NaN
1487949,NaN,NaN,NaN
1487950,NaN,NaN,NaN
1487951,NaN,NaN,NaN
1487952,NaN,NaN,NaN
1487953,NaN,NaN,NaN
1487954,NaN,NaN,NaN
1487955,NaN,NaN,NaN
1487956,NaN,NaN,NaN
1487957,NaN,NaN,NaN
1487958,NaN,NaN,NaN
1487959,NaN,NaN,NaN
1487960,NaN,NaN,NaN
1487961,NaN,NaN,NaN
1487962,NaN,NaN,NaN
1487963,NaN,NaN,NaN
1487964,NaN,NaN,NaN
1487965,NaN,NaN,NaN
1487966,NaN,NaN,NaN
1487967,NaN,NaN,NaN
1487968,NaN,NaN,NaN
1487969,NaN,NaN,NaN
1487970,NaN,NaN,NaN
1487971,NaN,NaN,NaN
1487972,NaN,NaN,NaN
1487973,NaN,NaN,NaN
1487974,NaN,NaN,NaN
1487975,NaN,NaN,NaN
1487976,NaN,NaN,NaN
1487977,NaN,NaN,NaN
1487978,NaN,NaN,NaN
1487979,NaN,NaN,NaN
1487980,NaN,NaN,NaN
1487981,NaN,NaN,NaN
1487982,NaN,NaN,NaN
1487983,NaN,NaN,NaN
1487984,NaN,NaN,NaN
1487985,NaN,NaN,NaN
1487986,NaN,NaN,NaN
1487987,NaN,NaN,NaN
1487988,NaN,NaN,NaN
1487989,NaN,NaN,NaN
1487990,NaN,NaN,NaN
1487991,NaN,NaN,NaN
1487992,NaN,NaN,NaN
1487993,NaN,NaN,NaN
1487994,NaN,NaN,NaN
1487995,NaN,NaN,NaN
1487996,NaN,NaN,NaN
1487997,NaN,NaN,NaN
1487998,NaN,NaN,NaN
1487999,NaN,NaN,NaN
1488000,NaN,NaN,NaN
1488001,NaN,NaN,NaN
1488002,NaN,NaN,NaN
1488003,NaN,NaN,NaN
1488004,NaN,NaN,NaN
1488005,NaN,NaN,NaN
1488006,NaN,NaN,NaN
1488007,NaN,1488008,Gujarati
1488009,NaN,NaN,NaN
1488010,NaN,1488012,Urdu
1488011,NaN,1488012,Urdu
1488013,NaN,1488012,Urdu
1488014,NaN,NaN,NaN
1488015,NaN,NaN,NaN
1488016,NaN,NaN,NaN
1488017,NaN,NaN,NaN
1488018,NaN,NaN,NaN
1488019,NaN,NaN,NaN
1488020,NaN,NaN,NaN
1488021,NaN,NaN,NaN
1488022,NaN,NaN,NaN
1488023,NaN,1488025,English
1488024,NaN,1488025,English
1488024,NaN,1488023,Kannada
1488026,NaN,1488027,English
1488028,NaN,NaN,NaN
1488029,NaN,NaN,NaN
1488030,NaN,1488032,English
1488031,NaN,NaN,NaN
1488033,NaN,NaN,NaN
1488034,NaN,1488035,English
1488036,NaN,1488037,English
1488038,NaN,1488040,English
1488039,NaN,NaN,NaN
1488041,NaN,NaN,NaN
1488042,NaN,NaN,NaN
1488043,NaN,1488044,English
1488045,NaN,1488046,English
1488047,NaN,NaN,NaN
1488048,NaN,NaN,NaN
1488049,NaN,NaN,NaN
1488050,NaN,NaN,NaN
1488051,NaN,NaN,NaN
1488052,NaN,NaN,NaN
1488053,NaN,NaN,NaN
1488054,NaN,NaN,NaN
1488055,NaN,NaN,NaN
1488056,NaN,NaN,NaN
1488057,NaN,NaN,NaN
1488058,NaN,NaN,NaN
1488059,NaN,NaN,NaN
1488060,NaN,NaN,NaN
1488061,NaN,NaN,NaN
1488062,NaN,NaN,NaN
1488063,NaN,NaN,NaN
1488064,NaN,NaN,NaN
1488065,NaN,NaN,NaN
1488066,NaN,NaN,NaN
1488067,NaN,NaN,NaN
1488068,NaN,NaN,NaN
1488069,NaN,NaN,NaN
1488070,NaN,NaN,NaN
1488071,NaN,NaN,NaN
1488072,NaN,NaN,NaN
1488073,NaN,NaN,NaN
1488074,NaN,NaN,NaN
1488075,NaN,NaN,NaN
1488076,NaN,NaN,NaN
1488077,NaN,NaN,NaN
1488078,NaN,1488109,Urdu
1488078,NaN,1488080,Hindi
1488079,NaN,NaN,NaN
1488082,NaN,NaN,NaN
1488083,NaN,NaN,NaN
1488084,NaN,NaN,NaN
1488085,NaN,NaN,NaN
1488086,NaN,NaN,NaN
1488087,NaN,NaN,NaN
1488088,NaN,1488089,English
1488090,NaN,NaN,NaN
1488091,NaN,NaN,NaN
1488092,NaN,1488093,English
1488094,NaN,1488095,English
1488096,NaN,NaN,NaN
1488097,NaN,NaN,NaN
1488098,NaN,NaN,NaN
1488099,NaN,NaN,NaN
1488100,NaN,NaN,NaN
1488101,NaN,NaN,NaN
1488102,NaN,NaN,NaN
1488103,NaN,1488108,Urdu
1488103,NaN,1488107,Hindi
1488104,NaN,NaN,NaN
1488105,NaN,NaN,NaN
1488106,NaN,NaN,NaN
1488110,NaN,NaN,NaN
1488112,NaN,NaN,NaN
1488113,NaN,NaN,NaN
1488114,NaN,NaN,NaN
1488115,NaN,NaN,NaN
1488116,NaN,NaN,NaN
1488117,NaN,NaN,NaN
1488118,NaN,NaN,NaN
1488119,NaN,NaN,NaN
1488120,NaN,NaN,NaN
1488121,NaN,1488122,English
1488123,NaN,1488125,English
1488124,NaN,NaN,NaN
1488126,NaN,NaN,NaN
1488127,NaN,NaN,NaN
1488128,NaN,1488129,English
1488130,NaN,NaN,NaN
1488131,NaN,1488132,English
1488133,NaN,NaN,NaN
1488134,NaN,NaN,NaN
1488135,NaN,NaN,NaN
1488136,NaN,NaN,NaN
1488137,NaN,1488138,English
1488139,NaN,NaN,NaN
1488140,NaN,NaN,NaN
1488141,NaN,NaN,NaN
1488142,NaN,NaN,NaN
1488143,NaN,NaN,NaN
1488144,NaN,NaN,NaN
1488145,NaN,NaN,NaN
1488146,NaN,NaN,NaN
1488147,NaN,1488148,English
1488149,NaN,NaN,NaN
1488150,NaN,NaN,NaN
1488151,NaN,NaN,NaN
1488152,NaN,NaN,NaN
1488153,NaN,NaN,NaN
1488154,NaN,NaN,NaN
1488155,NaN,NaN,NaN
1488156,NaN,NaN,NaN
1488157,NaN,NaN,NaN
1488158,NaN,NaN,NaN
1488159,NaN,NaN,NaN
1488160,NaN,NaN,NaN
1488161,NaN,NaN,NaN
1488162,NaN,NaN,NaN
1488163,NaN,1488164,English
1488165,NaN,NaN,NaN
1488166,NaN,NaN,NaN
1488167,NaN,1488168,English
1488169,NaN,NaN,NaN
1488170,NaN,NaN,NaN
1488171,NaN,1488172,English
1488173,NaN,NaN,NaN
1488174,NaN,NaN,NaN
1488175,NaN,NaN,NaN
1488176,NaN,NaN,NaN
1488177,NaN,NaN,NaN
1488178,NaN,NaN,NaN
1488179,NaN,NaN,NaN
1488180,NaN,NaN,NaN
1488181,NaN,NaN,NaN
1488182,NaN,NaN,NaN
1488183,NaN,NaN,NaN
1488184,NaN,NaN,NaN
1488185,NaN,1488186,English
1488187,NaN,1488188,English
1488189,NaN,NaN,NaN
1488190,NaN,NaN,NaN
1488191,NaN,NaN,NaN
1488192,NaN,NaN,NaN
1488193,NaN,NaN,NaN
1488194,NaN,NaN,NaN
1488195,NaN,NaN,NaN
1488196,NaN,1488202,Gujarati
1488197,NaN,1488209,Gujarati
1488198,NaN,1488220,Gujarati
1488199,NaN,1488243,Gujarati
1488200,NaN,1488221,Gujarati
1488201,NaN,1488210,Gujarati
1488203,NaN,NaN,NaN
1488204,NaN,NaN,NaN
1488205,NaN,NaN,NaN
1488206,NaN,NaN,NaN
1488207,NaN,NaN,NaN
1488208,NaN,NaN,NaN
1488211,NaN,NaN,NaN
1488212,NaN,NaN,NaN
1488213,NaN,NaN,NaN
1488214,NaN,NaN,NaN
1488215,NaN,NaN,NaN
1488216,NaN,NaN,NaN
1488217,NaN,NaN,NaN
1488218,NaN,NaN,NaN
1488219,NaN,NaN,NaN
1488222,NaN,NaN,NaN
1488223,NaN,NaN,NaN
1488224,NaN,NaN,NaN
1488225,NaN,NaN,NaN
1488226,NaN,NaN,NaN
1488227,NaN,NaN,NaN
1488228,NaN,NaN,NaN
1488229,NaN,NaN,NaN
1488230,NaN,NaN,NaN
1488231,NaN,NaN,NaN
1488232,NaN,NaN,NaN
1488233,NaN,NaN,NaN
1488234,NaN,NaN,NaN
1488235,NaN,NaN,NaN
1488236,NaN,NaN,NaN
1488237,NaN,NaN,NaN
1488238,NaN,NaN,NaN
1488239,NaN,NaN,NaN
1488240,NaN,NaN,NaN
1488241,NaN,NaN,NaN
1488242,NaN,NaN,NaN
1488244,NaN,NaN,NaN
1488245,NaN,NaN,NaN
1488246,NaN,1488247,English
1488248,NaN,NaN,NaN
1488249,NaN,NaN,NaN
1488250,NaN,NaN,NaN
1488251,NaN,NaN,NaN
1488252,NaN,NaN,NaN
1488253,NaN,NaN,NaN
1488254,NaN,NaN,NaN
1488255,NaN,NaN,NaN
1488256,NaN,NaN,NaN
1488257,NaN,NaN,NaN
1488258,NaN,NaN,NaN
1488259,NaN,NaN,NaN
1488260,NaN,NaN,NaN
1488261,NaN,NaN,NaN
1488262,NaN,NaN,NaN
1488263,NaN,NaN,NaN
1488264,NaN,1488267,English
1488265,NaN,NaN,NaN
1488266,NaN,NaN,NaN
1488268,NaN,NaN,NaN
1488269,NaN,1488270,English
1488271,NaN,1488272,English
1488273,NaN,1488274,English
1488275,NaN,1488281,English
1488276,NaN,1488277,English
1488278,NaN,1488279,English
1488280,NaN,1488282,English
1488283,NaN,1488284,English
1488285,NaN,1488286,English
1488287,NaN,1488288,English
1488289,NaN,NaN,NaN
1488290,NaN,NaN,NaN
1488291,NaN,1488292,English
1488293,NaN,1488294,English
1488295,NaN,1488296,English
1488297,NaN,NaN,NaN
1488298,NaN,NaN,NaN
1488299,NaN,NaN,NaN
1488300,NaN,NaN,NaN
1488301,NaN,NaN,NaN
1488302,NaN,NaN,NaN
1488303,NaN,NaN,NaN
1488304,NaN,NaN,NaN
1488305,NaN,NaN,NaN
1488306,NaN,NaN,NaN
1488307,NaN,NaN,NaN
1488308,NaN,NaN,NaN
1488309,NaN,NaN,NaN
1488310,NaN,NaN,NaN
1488311,NaN,1488312,English
1488313,NaN,1488314,English
1488315,NaN,NaN,NaN
1488316,NaN,NaN,NaN
1488317,NaN,NaN,NaN
1488318,NaN,NaN,NaN
1488319,NaN,NaN,NaN
1488320,NaN,NaN,NaN
1488321,NaN,NaN,NaN
1488322,NaN,NaN,NaN
1488323,NaN,NaN,NaN
1488324,NaN,NaN,NaN
1488325,NaN,NaN,NaN
1488326,NaN,NaN,NaN
1488327,NaN,NaN,NaN
1488328,NaN,NaN,NaN
1488329,NaN,NaN,NaN
1488330,NaN,NaN,NaN
1488331,NaN,NaN,NaN
1488332,NaN,NaN,NaN
1488333,NaN,NaN,NaN
1488334,NaN,NaN,NaN
1488335,NaN,NaN,NaN
1488336,NaN,NaN,NaN
1488337,NaN,NaN,NaN
1488338,NaN,NaN,NaN
1488339,NaN,NaN,NaN
1488340,NaN,NaN,NaN
1488341,NaN,NaN,NaN
1488342,NaN,NaN,NaN
1488343,NaN,NaN,NaN
1488344,NaN,NaN,NaN
1488345,NaN,NaN,NaN
1488346,NaN,NaN,NaN
1488347,NaN,NaN,NaN
1488349,NaN,NaN,NaN
1488350,NaN,NaN,NaN
1488351,NaN,NaN,NaN
1488352,NaN,NaN,NaN
1488353,NaN,NaN,NaN
1488354,NaN,NaN,NaN
1488355,NaN,NaN,NaN
1488356,NaN,NaN,NaN
1488357,NaN,NaN,NaN
1488358,NaN,NaN,NaN
1488359,NaN,NaN,NaN
1488360,NaN,NaN,NaN
1488361,NaN,NaN,NaN
1488362,NaN,NaN,NaN
1488363,NaN,NaN,NaN
1488364,NaN,NaN,NaN
1488365,NaN,NaN,NaN
1488366,NaN,NaN,NaN
1488367,NaN,NaN,NaN
1488368,NaN,NaN,NaN
1488369,NaN,NaN,NaN
1488370,NaN,NaN,NaN
1488371,NaN,NaN,NaN
1488372,NaN,NaN,NaN
1488373,NaN,NaN,NaN
1488374,NaN,NaN,NaN
1488375,NaN,NaN,NaN
1488376,NaN,NaN,NaN
1488377,NaN,NaN,NaN
1488378,NaN,NaN,NaN
1488379,NaN,NaN,NaN
1488380,NaN,NaN,NaN
1488381,NaN,NaN,NaN
1488382,NaN,NaN,NaN
1488383,NaN,NaN,NaN
1488384,NaN,NaN,NaN
1488385,NaN,NaN,NaN
1488386,NaN,NaN,NaN
1488387,NaN,NaN,NaN
1488388,NaN,NaN,NaN
1488389,NaN,NaN,NaN
1488390,NaN,NaN,NaN
1488391,NaN,NaN,NaN
1488392,NaN,NaN,NaN
1488393,NaN,NaN,NaN
1488394,NaN,NaN,NaN
1488395,NaN,NaN,NaN
1488396,NaN,NaN,NaN
1488397,NaN,NaN,NaN
1488398,NaN,NaN,NaN
1488399,NaN,NaN,NaN
1488400,NaN,NaN,NaN
1488401,NaN,NaN,NaN
1488402,NaN,NaN,NaN
1488403,NaN,NaN,NaN
1488404,NaN,NaN,NaN
1488405,NaN,NaN,NaN
1488406,NaN,NaN,NaN
1488407,NaN,NaN,NaN
1488408,NaN,NaN,NaN
1488409,NaN,NaN,NaN
1488410,NaN,NaN,NaN
1488411,NaN,NaN,NaN
1488412,NaN,NaN,NaN
1488413,NaN,NaN,NaN
1488414,NaN,NaN,NaN
1488415,NaN,NaN,NaN
1488416,NaN,NaN,NaN
1488417,NaN,NaN,NaN
1488418,NaN,NaN,NaN
1488419,NaN,NaN,NaN
1488420,NaN,NaN,NaN
1488421,NaN,NaN,NaN
1488422,NaN,NaN,NaN
1488423,NaN,NaN,NaN
1488424,NaN,NaN,NaN
1488425,NaN,NaN,NaN
1488426,NaN,NaN,NaN
1488427,NaN,NaN,NaN
1488428,NaN,NaN,NaN
1488429,NaN,NaN,NaN
1488430,NaN,NaN,NaN
1488431,NaN,NaN,NaN
1488432,NaN,NaN,NaN
1488433,NaN,NaN,NaN
1488434,NaN,NaN,NaN
1488435,NaN,NaN,NaN
1488436,NaN,NaN,NaN
1488437,NaN,NaN,NaN
1488438,NaN,NaN,NaN
1488439,NaN,NaN,NaN
1488440,NaN,NaN,NaN
1488441,NaN,NaN,NaN
1488442,NaN,NaN,NaN
1488443,NaN,NaN,NaN
1488444,NaN,NaN,NaN
1488445,NaN,NaN,NaN
1488446,NaN,NaN,NaN
1488447,NaN,NaN,NaN
1488448,NaN,NaN,NaN
1488449,NaN,NaN,NaN
1488450,NaN,NaN,NaN
1488451,NaN,NaN,NaN
1488452,NaN,NaN,NaN
1488453,NaN,NaN,NaN
1488454,NaN,NaN,NaN
1488455,NaN,NaN,NaN
1488456,NaN,NaN,NaN
1488457,NaN,NaN,NaN
1488458,NaN,1488459,English
1488460,NaN,1488461,English
1488462,NaN,1488463,English
1488464,NaN,NaN,NaN
1488465,NaN,1488466,English
1488467,NaN,NaN,NaN
1488468,NaN,1488470,English
1488469,NaN,NaN,NaN
1488471,NaN,1488472,English
1488473,NaN,NaN,NaN
1488474,NaN,1488475,English
1488476,NaN,1488477,English
1488478,NaN,NaN,NaN
1488479,NaN,NaN,NaN
1488480,NaN,NaN,NaN
1488481,NaN,NaN,NaN
1488482,NaN,NaN,NaN
1488483,NaN,NaN,NaN
1488484,NaN,NaN,NaN
1488485,NaN,NaN,NaN
1488486,NaN,NaN,NaN
1488487,NaN,NaN,NaN
1488488,NaN,NaN,NaN
1488489,NaN,NaN,NaN
1488490,NaN,NaN,NaN
1488491,NaN,NaN,NaN
1488492,NaN,NaN,NaN
1488493,NaN,NaN,NaN
1488494,NaN,NaN,NaN
1488495,NaN,NaN,NaN
1488496,NaN,NaN,NaN
1488497,NaN,NaN,NaN
1488498,NaN,NaN,NaN
1488499,NaN,NaN,NaN
1488500,NaN,NaN,NaN
1488501,NaN,NaN,NaN
1488502,NaN,NaN,NaN
1488503,NaN,NaN,NaN
1488504,NaN,NaN,NaN
1488505,NaN,NaN,NaN
1488506,NaN,NaN,NaN
1488507,NaN,NaN,NaN
1488508,NaN,NaN,NaN
1488509,NaN,NaN,NaN
1488510,NaN,NaN,NaN
1488511,NaN,NaN,NaN
1488512,NaN,NaN,NaN
1488513,NaN,NaN,NaN
1488514,NaN,NaN,NaN
1488515,NaN,NaN,NaN
1488516,NaN,NaN,NaN
1488517,NaN,NaN,NaN
1488518,NaN,NaN,NaN
1488519,NaN,NaN,NaN
1488520,NaN,NaN,NaN
1488521,NaN,NaN,NaN
1488522,NaN,NaN,NaN
1488523,NaN,1488549,Hindi
1488524,NaN,NaN,NaN
1488525,NaN,NaN,NaN
1488526,NaN,NaN,NaN
1488527,NaN,NaN,NaN
1488528,NaN,NaN,NaN
1488529,NaN,1488548,Hindi
1488530,NaN,1488531,English
1488532,NaN,NaN,NaN
1488533,NaN,NaN,NaN
1488534,NaN,1488535,English
1488536,NaN,1488538,English
1488537,NaN,NaN,NaN
1488539,NaN,1488540,English
1488541,NaN,1488543,English
1488542,NaN,NaN,NaN
1488544,NaN,1488545,English
1488546,NaN,1488547,English
1488550,NaN,1488551,Hindi
1488552,NaN,NaN,NaN
1488553,NaN,NaN,NaN
1488554,NaN,NaN,NaN
1488555,NaN,NaN,NaN
1488556,NaN,1488558,English
1488557,NaN,NaN,NaN
1488559,NaN,NaN,NaN
1488560,NaN,NaN,NaN
1488561,NaN,NaN,NaN
1488562,NaN,NaN,NaN
1488563,NaN,NaN,NaN
1488564,NaN,NaN,NaN
1488565,NaN,NaN,NaN
1488566,NaN,NaN,NaN
1488567,NaN,NaN,NaN
1488568,NaN,NaN,NaN
1488569,NaN,NaN,NaN
1488570,NaN,NaN,NaN
1488571,NaN,1488576,Gujarati
1488572,NaN,1488577,Gujarati
1488573,NaN,1488574,Gujarati
1488575,NaN,NaN,NaN
1488578,NaN,NaN,NaN
1488579,NaN,NaN,NaN
1488580,NaN,NaN,NaN
1488581,NaN,NaN,NaN
1488582,NaN,NaN,NaN
1488583,NaN,NaN,NaN
1488584,NaN,NaN,NaN
1488585,NaN,NaN,NaN
1488586,NaN,NaN,NaN
1488587,NaN,NaN,NaN
1488588,NaN,NaN,NaN
1488589,NaN,NaN,NaN
1488590,NaN,NaN,NaN
1488591,NaN,NaN,NaN
1488592,NaN,NaN,NaN
1488593,NaN,NaN,NaN
1488594,NaN,NaN,NaN
1488595,NaN,NaN,NaN
1488596,NaN,NaN,NaN
1488597,NaN,NaN,NaN
1488598,NaN,NaN,NaN
1488599,NaN,NaN,NaN
1488600,NaN,NaN,NaN
1488601,NaN,NaN,NaN
1488602,NaN,NaN,NaN
1488603,NaN,NaN,NaN
1488604,NaN,NaN,NaN
1488605,NaN,1488606,English
1488607,NaN,1488608,Tamil
1488609,NaN,1488610,Tamil
1488611,NaN,NaN,NaN
1488612,NaN,NaN,NaN
1488613,NaN,1488614,English
1488615,NaN,1488616,English
1488618,NaN,NaN,NaN
1488619,NaN,NaN,NaN
1488620,NaN,NaN,NaN
1488621,NaN,NaN,NaN
1488622,NaN,NaN,NaN
1488623,NaN,NaN,NaN
1488624,NaN,NaN,NaN
1488625,NaN,NaN,NaN
1488626,NaN,NaN,NaN
1488627,NaN,NaN,NaN
1488628,NaN,NaN,NaN
1488629,NaN,NaN,NaN
1488630,NaN,NaN,NaN
1488631,NaN,NaN,NaN
1488632,NaN,NaN,NaN
1488633,NaN,NaN,NaN
1488634,NaN,NaN,NaN
1488635,NaN,NaN,NaN
1488636,NaN,NaN,NaN
1488637,NaN,NaN,NaN
1488638,NaN,NaN,NaN
1488639,NaN,NaN,NaN
1488640,NaN,1488658,Gujarati
1488641,NaN,NaN,NaN
1488642,NaN,NaN,NaN
1488643,NaN,NaN,NaN
1488644,NaN,1488656,Gujarati
1488645,NaN,1488657,Gujarati
1488646,NaN,NaN,NaN
1488647,NaN,NaN,NaN
1488648,NaN,NaN,NaN
1488649,NaN,NaN,NaN
1488650,NaN,1488651,English
1488652,NaN,NaN,NaN
1488653,NaN,NaN,NaN
1488654,NaN,NaN,NaN
1488655,NaN,NaN,NaN
1488659,NaN,NaN,NaN
1488660,NaN,NaN,NaN
1488661,NaN,NaN,NaN
1488662,NaN,NaN,NaN
1488663,NaN,NaN,NaN
1488664,NaN,NaN,NaN
1488665,NaN,NaN,NaN
1488666,NaN,NaN,NaN
1488667,NaN,NaN,NaN
1488668,NaN,NaN,NaN
1488669,NaN,NaN,NaN
1488670,NaN,1488671,Gujarati
1488672,NaN,NaN,NaN
1488673,NaN,NaN,NaN
1488674,NaN,1488675,Gujarati
1488676,NaN,NaN,NaN
1488677,NaN,NaN,NaN
1488678,NaN,NaN,NaN
1488679,NaN,NaN,NaN
1488680,NaN,NaN,NaN
1488681,NaN,NaN,NaN
1488682,NaN,NaN,NaN
1488683,NaN,NaN,NaN
1488684,NaN,NaN,NaN
1488685,NaN,NaN,NaN
1488686,NaN,NaN,NaN
1488687,NaN,NaN,NaN
1488688,NaN,NaN,NaN
1488689,NaN,NaN,NaN
1488690,NaN,NaN,NaN
1488691,NaN,NaN,NaN
1488692,NaN,NaN,NaN
1488693,NaN,NaN,NaN
1488694,NaN,NaN,NaN
1488695,NaN,NaN,NaN
1488696,NaN,NaN,NaN
1488697,NaN,NaN,NaN
1488698,NaN,NaN,NaN
1488699,NaN,NaN,NaN
1488700,NaN,NaN,NaN
1488701,NaN,NaN,NaN
1488702,NaN,NaN,NaN
1488703,NaN,NaN,NaN
1488704,NaN,NaN,NaN
1488705,NaN,NaN,NaN
1488706,NaN,NaN,NaN
1488707,NaN,NaN,NaN
1488708,NaN,NaN,NaN
1488709,NaN,NaN,NaN
1488710,NaN,NaN,NaN
1488711,NaN,NaN,NaN
1488712,NaN,NaN,NaN
1488713,NaN,NaN,NaN
1488714,NaN,NaN,NaN
1488715,NaN,NaN,NaN
1488716,NaN,NaN,NaN
1488717,NaN,NaN,NaN
1488718,NaN,NaN,NaN
1488719,NaN,NaN,NaN
1488720,NaN,NaN,NaN
1488721,NaN,NaN,NaN
1488722,NaN,NaN,NaN
1488723,NaN,NaN,NaN
1488724,NaN,NaN,NaN
1488725,NaN,1488726,English
1488727,NaN,NaN,NaN
1488728,NaN,1488729,English
1488730,NaN,1488731,English
1488732,NaN,1488733,English
1488734,NaN,1488735,English
1488736,NaN,1488737,English
1488738,NaN,NaN,NaN
1488739,NaN,NaN,NaN
1488740,NaN,NaN,NaN
1488741,NaN,NaN,NaN
1488742,NaN,NaN,NaN
1488743,NaN,NaN,NaN
1488744,NaN,NaN,NaN
1488745,NaN,NaN,NaN
1488746,NaN,NaN,NaN
1488747,NaN,NaN,NaN
1488748,NaN,NaN,NaN
1488749,NaN,NaN,NaN
1488750,NaN,NaN,NaN
1488752,NaN,1488753,Gujarati
1488754,NaN,NaN,NaN
1488755,NaN,NaN,NaN
1488756,NaN,NaN,NaN
1488757,NaN,NaN,NaN
1488758,NaN,NaN,NaN
1488759,NaN,NaN,NaN
1488760,NaN,NaN,NaN
1488761,NaN,NaN,NaN
1488762,NaN,NaN,NaN
1488764,NaN,NaN,NaN
1488765,NaN,1488766,English
1488767,NaN,NaN,NaN
1488768,NaN,NaN,NaN
1488769,NaN,NaN,NaN
1488770,NaN,NaN,NaN
1488771,NaN,NaN,NaN
1488772,NaN,NaN,NaN
1488773,NaN,1488781,Gujarati
1488774,NaN,NaN,NaN
1488775,NaN,NaN,NaN
1488776,NaN,NaN,NaN
1488777,NaN,NaN,NaN
1488778,NaN,1488782,Gujarati
1488779,NaN,1488783,Gujarati
1488780,NaN,NaN,NaN
1488784,NaN,1488785,English
1488786,NaN,NaN,NaN
1488787,NaN,NaN,NaN
1488788,NaN,NaN,NaN
1488789,NaN,NaN,NaN
1488790,NaN,NaN,NaN
1488791,NaN,NaN,NaN
1488792,NaN,NaN,NaN
1488793,NaN,NaN,NaN
1488794,NaN,NaN,NaN
1488795,NaN,NaN,NaN
1488796,NaN,NaN,NaN
1488797,NaN,NaN,NaN
1488798,NaN,NaN,NaN
1488799,NaN,NaN,NaN
1488800,NaN,NaN,NaN
1488801,NaN,NaN,NaN
1488802,NaN,NaN,NaN
1488803,NaN,NaN,NaN
1488804,NaN,NaN,NaN
1488805,NaN,NaN,NaN
1488806,NaN,NaN,NaN
1488807,NaN,NaN,NaN
1488808,NaN,NaN,NaN
1488809,NaN,NaN,NaN
1488810,NaN,NaN,NaN
1488811,NaN,NaN,NaN
1488812,NaN,NaN,NaN
1488813,NaN,NaN,NaN
1488814,NaN,NaN,NaN
1488815,NaN,NaN,NaN
1488816,NaN,NaN,NaN
1488817,NaN,NaN,NaN
1488818,NaN,NaN,NaN
1488819,NaN,NaN,NaN
1488820,NaN,NaN,NaN
1488821,NaN,NaN,NaN
1488822,NaN,NaN,NaN
1488823,NaN,NaN,NaN
1488824,NaN,NaN,NaN
1488825,NaN,NaN,NaN
1488826,NaN,NaN,NaN
1488827,NaN,NaN,NaN
1488828,NaN,NaN,NaN
1488829,NaN,NaN,NaN
1488830,NaN,1488832,English
1488831,NaN,NaN,NaN
1488833,NaN,NaN,NaN
1488834,NaN,NaN,NaN
1488835,NaN,NaN,NaN
1488836,NaN,NaN,NaN
1488837,NaN,NaN,NaN
1488838,NaN,NaN,NaN
1488839,NaN,NaN,NaN
1488840,NaN,NaN,NaN
1488841,NaN,1488849,Gujarati
1488842,NaN,NaN,NaN
1488843,NaN,NaN,NaN
1488844,NaN,NaN,NaN
1488845,NaN,NaN,NaN
1488846,NaN,NaN,NaN
1488847,NaN,NaN,NaN
1488848,NaN,NaN,NaN
1488850,NaN,NaN,NaN
1488851,NaN,NaN,NaN
1488852,NaN,NaN,NaN
1488853,NaN,NaN,NaN
1488854,NaN,NaN,NaN
1488855,NaN,NaN,NaN
1488856,NaN,NaN,NaN
1488857,NaN,NaN,NaN
1488858,NaN,NaN,NaN
1488859,NaN,NaN,NaN
1488860,NaN,NaN,NaN
1488861,NaN,NaN,NaN
1488862,NaN,NaN,NaN
1488863,NaN,NaN,NaN
1488864,NaN,NaN,NaN
1488865,NaN,NaN,NaN
1488866,NaN,1488867,Gujarati
1488868,NaN,NaN,NaN
1488869,NaN,NaN,NaN
1488870,NaN,NaN,NaN
1488871,NaN,NaN,NaN
1488872,NaN,NaN,NaN
1488873,NaN,NaN,NaN
1488874,NaN,NaN,NaN
1488875,NaN,NaN,NaN
1488876,NaN,NaN,NaN
1488877,NaN,NaN,NaN
1488878,NaN,NaN,NaN
1488879,NaN,NaN,NaN
1488880,NaN,1488882,Gujarati
1488881,NaN,NaN,NaN
1488883,NaN,NaN,NaN
1488884,NaN,NaN,NaN
1488885,NaN,NaN,NaN
1488886,NaN,NaN,NaN
1488887,NaN,NaN,NaN
1488888,NaN,NaN,NaN
1488889,NaN,NaN,NaN
1488890,NaN,NaN,NaN
1488891,NaN,NaN,NaN
1488892,NaN,NaN,NaN
1488893,NaN,NaN,NaN
1488894,NaN,NaN,NaN
1488895,NaN,NaN,NaN
1488896,NaN,NaN,NaN
1488897,NaN,NaN,NaN
1488898,NaN,NaN,NaN
1488899,NaN,NaN,NaN
1488900,NaN,1488901,English
1488902,NaN,1488903,English
1488904,NaN,NaN,NaN
1488905,NaN,NaN,NaN
1488906,NaN,NaN,NaN
1488907,NaN,1488908,English
1488909,NaN,NaN,NaN
1488910,NaN,NaN,NaN
1488911,NaN,1488912,English
1488913,NaN,1488915,English
1488914,NaN,NaN,NaN
1488916,NaN,NaN,NaN
1488917,NaN,NaN,NaN
1488918,NaN,NaN,NaN
1488919,NaN,1488920,English
1488921,NaN,NaN,NaN
1488922,NaN,NaN,NaN
1488923,NaN,NaN,NaN
1488924,NaN,NaN,NaN
1488925,NaN,NaN,NaN
1488926,NaN,NaN,NaN
1488927,NaN,NaN,NaN
1488928,NaN,NaN,NaN
1488929,NaN,NaN,NaN
1488930,NaN,NaN,NaN
1488931,NaN,1488933,English
1488932,NaN,NaN,NaN
1488934,NaN,1488935,English
1488936,NaN,NaN,NaN
1488937,NaN,1488938,English
1488939,NaN,NaN,NaN
1488940,NaN,NaN,NaN
1488941,NaN,NaN,NaN
1488942,NaN,1488943,English
1488944,NaN,NaN,NaN
1488945,NaN,1488946,English
1488947,NaN,NaN,NaN
1488948,NaN,NaN,NaN
1488949,NaN,NaN,NaN
1488950,NaN,NaN,NaN
1488951,NaN,NaN,NaN
1488952,NaN,NaN,NaN
1488953,NaN,NaN,NaN
1488954,NaN,NaN,NaN
1488955,NaN,NaN,NaN
1488956,NaN,NaN,NaN
1488957,NaN,NaN,NaN
1488958,NaN,NaN,NaN
1488959,NaN,NaN,NaN
1488960,NaN,NaN,NaN
1488961,NaN,NaN,NaN
1488962,NaN,NaN,NaN
1488963,NaN,NaN,NaN
1488964,NaN,NaN,NaN
1488965,NaN,NaN,NaN
1488966,NaN,NaN,NaN
1488967,NaN,1488968,English
1488969,NaN,NaN,NaN
1488970,NaN,NaN,NaN
1488971,NaN,NaN,NaN
1488972,NaN,NaN,NaN
1488973,NaN,NaN,NaN
1488974,NaN,NaN,NaN
1488975,NaN,NaN,NaN
1488976,NaN,NaN,NaN
1488977,NaN,NaN,NaN
1488978,NaN,NaN,NaN
1488979,NaN,NaN,NaN
1488980,NaN,NaN,NaN
1488981,NaN,NaN,NaN
1488982,NaN,NaN,NaN
1488983,NaN,NaN,NaN
1488984,NaN,NaN,NaN
1488985,NaN,NaN,NaN
1488986,NaN,NaN,NaN
1488987,NaN,NaN,NaN
1488988,NaN,NaN,NaN
1488989,NaN,NaN,NaN
1488990,NaN,NaN,NaN
1488991,NaN,NaN,NaN
1488992,NaN,NaN,NaN
1488993,NaN,NaN,NaN
1488994,NaN,NaN,NaN
1488995,NaN,NaN,NaN
1488996,NaN,NaN,NaN
1488997,NaN,NaN,NaN
1488998,NaN,NaN,NaN
1488999,NaN,1489000,English
1489001,NaN,1489003,Gujarati
1489002,NaN,NaN,NaN
1489004,NaN,NaN,NaN
1489005,NaN,NaN,NaN
1489006,NaN,NaN,NaN
1489007,NaN,NaN,NaN
1489008,NaN,NaN,NaN
1489009,NaN,NaN,NaN
1489010,NaN,NaN,NaN
1489011,NaN,NaN,NaN
1489012,NaN,NaN,NaN
1489013,NaN,NaN,NaN
1489014,NaN,NaN,NaN
1489015,NaN,NaN,NaN
1489016,NaN,NaN,NaN
1489017,NaN,NaN,NaN
1489018,NaN,NaN,NaN
1489019,NaN,NaN,NaN
1489020,NaN,NaN,NaN
1489021,NaN,NaN,NaN
1489022,NaN,NaN,NaN
1489023,NaN,NaN,NaN
1489024,NaN,NaN,NaN
1489025,NaN,NaN,NaN
1489026,NaN,NaN,NaN
1489027,NaN,NaN,NaN
1489028,NaN,NaN,NaN
1489029,NaN,NaN,NaN
1489030,NaN,NaN,NaN
1489031,NaN,NaN,NaN
1489032,NaN,NaN,NaN
1489033,NaN,NaN,NaN
1489034,NaN,NaN,NaN
1489035,NaN,NaN,NaN
1489036,NaN,NaN,NaN
1489037,NaN,NaN,NaN
1489038,NaN,NaN,NaN
1489039,NaN,NaN,NaN
1489040,NaN,NaN,NaN
1489041,NaN,NaN,NaN
1489042,NaN,NaN,NaN
1489043,NaN,1489044,English
1489045,NaN,1489047,English
1489046,NaN,NaN,NaN
1489048,NaN,NaN,NaN
1489049,NaN,1489050,English
1489051,NaN,NaN,NaN
1489052,NaN,NaN,NaN
1489053,NaN,NaN,NaN
1489054,NaN,NaN,NaN
1489055,NaN,NaN,NaN
1489056,NaN,NaN,NaN
1489057,NaN,NaN,NaN
1489058,NaN,NaN,NaN
1489059,NaN,NaN,NaN
1489060,NaN,NaN,NaN
1489061,NaN,NaN,NaN
1489062,NaN,NaN,NaN
1489063,NaN,1489064,English
1489065,NaN,NaN,NaN
1489066,NaN,1489067,English
1489068,NaN,NaN,NaN
1489069,NaN,1489070,English
1489071,NaN,NaN,NaN
1489072,NaN,NaN,NaN
1489073,NaN,NaN,NaN
1489074,NaN,NaN,NaN
1489075,NaN,NaN,NaN
1489076,NaN,NaN,NaN
1489077,NaN,NaN,NaN
1489078,NaN,NaN,NaN
1489079,NaN,NaN,NaN
1489080,NaN,1489081,English
1489082,NaN,NaN,NaN
1489083,NaN,NaN,NaN
1489084,NaN,NaN,NaN
1489085,NaN,NaN,NaN
1489086,NaN,NaN,NaN
1489087,NaN,NaN,NaN
1489088,NaN,NaN,NaN
1489089,NaN,NaN,NaN
1489090,NaN,NaN,NaN
1489091,NaN,NaN,NaN
1489092,NaN,NaN,NaN
1489093,NaN,NaN,NaN
1489094,NaN,NaN,NaN
1489095,NaN,NaN,NaN
1489096,NaN,NaN,NaN
1489097,NaN,NaN,NaN
1489098,NaN,NaN,NaN
1489099,NaN,NaN,NaN
1489100,NaN,NaN,NaN
1489101,NaN,1489179,Gujarati
1489102,NaN,1489181,Gujarati
1489103,NaN,1489184,Gujarati
1489104,NaN,1489182,Gujarati
1489105,NaN,1489189,Gujarati
1489106,NaN,1489185,Gujarati
1489107,NaN,1489178,Gujarati
1489108,NaN,1489183,Gujarati
1489109,NaN,1489177,Gujarati
1489110,NaN,1489176,Gujarati
1489111,NaN,NaN,NaN
1489112,NaN,NaN,NaN
1489113,NaN,NaN,NaN
1489114,NaN,NaN,NaN
1489115,NaN,NaN,NaN
1489116,NaN,NaN,NaN
1489117,NaN,NaN,NaN
1489118,NaN,NaN,NaN
1489119,NaN,NaN,NaN
1489120,NaN,NaN,NaN
1489121,NaN,NaN,NaN
1489122,NaN,NaN,NaN
1489123,NaN,NaN,NaN
1489124,NaN,NaN,NaN
1489125,NaN,1489201,Gujarati
1489126,NaN,NaN,NaN
1489127,NaN,1489128,English
1489129,NaN,1489130,English
1489131,NaN,1489132,English
1489133,NaN,1489134,English
1489135,NaN,1489136,English
1489137,NaN,NaN,NaN
1489138,NaN,NaN,NaN
1489139,NaN,NaN,NaN
1489140,NaN,NaN,NaN
1489141,NaN,NaN,NaN
1489142,NaN,NaN,NaN
1489143,NaN,1489209,Gujarati
1489144,NaN,NaN,NaN
1489145,NaN,NaN,NaN
1489146,NaN,NaN,NaN
1489147,NaN,NaN,NaN
1489148,NaN,NaN,NaN
1489149,NaN,NaN,NaN
1489150,NaN,NaN,NaN
1489151,NaN,NaN,NaN
1489152,NaN,NaN,NaN
1489153,NaN,NaN,NaN
1489154,NaN,NaN,NaN
1489155,NaN,NaN,NaN
1489156,NaN,1489158,English
1489157,NaN,NaN,NaN
1489159,NaN,NaN,NaN
1489160,NaN,NaN,NaN
1489161,NaN,NaN,NaN
1489162,NaN,1489208,Gujarati
1489163,NaN,NaN,NaN
1489164,NaN,NaN,NaN
1489165,NaN,1489215,Gujarati
1489166,NaN,NaN,NaN
1489167,NaN,NaN,NaN
1489168,NaN,NaN,NaN
1489169,NaN,NaN,NaN
1489170,NaN,NaN,NaN
1489171,NaN,NaN,NaN
1489172,NaN,NaN,NaN
1489173,NaN,NaN,NaN
1489174,NaN,NaN,NaN
1489175,NaN,NaN,NaN
1489180,NaN,NaN,NaN
1489186,NaN,NaN,NaN
1489187,NaN,NaN,NaN
1489188,NaN,NaN,NaN
1489190,NaN,NaN,NaN
1489191,NaN,NaN,NaN
1489192,NaN,NaN,NaN
1489193,NaN,NaN,NaN
1489194,NaN,NaN,NaN
1489195,NaN,NaN,NaN
1489196,NaN,NaN,NaN
1489197,NaN,NaN,NaN
1489198,NaN,NaN,NaN
1489199,NaN,NaN,NaN
1489200,NaN,NaN,NaN
1489202,NaN,NaN,NaN
1489203,NaN,NaN,NaN
1489204,NaN,NaN,NaN
1489205,NaN,NaN,NaN
1489206,NaN,NaN,NaN
1489207,NaN,NaN,NaN
1489210,NaN,NaN,NaN
1489211,NaN,NaN,NaN
1489212,NaN,NaN,NaN
1489213,NaN,NaN,NaN
1489214,NaN,NaN,NaN
1489216,NaN,NaN,NaN
1489217,NaN,NaN,NaN
1489218,NaN,NaN,NaN
1489219,NaN,NaN,NaN
1489221,NaN,NaN,NaN
1489222,NaN,NaN,NaN
1489223,NaN,NaN,NaN
1489224,NaN,NaN,NaN
1489225,NaN,NaN,NaN
1489226,NaN,NaN,NaN
1489227,NaN,NaN,NaN
1489228,NaN,NaN,NaN
1489229,NaN,NaN,NaN
1489230,NaN,NaN,NaN
1489231,NaN,1489232,English
1489233,NaN,1489234,English
1489235,NaN,1489236,English
1489237,NaN,1489238,English
1489239,NaN,NaN,NaN
1489240,NaN,NaN,NaN
1489241,NaN,NaN,NaN
1489242,NaN,1489244,English
1489243,NaN,NaN,NaN
1489245,NaN,1489246,English
1489247,NaN,1489248,English
1489249,NaN,1489250,English
1489251,NaN,1489252,English
1489253,NaN,1489255,English
1489254,NaN,NaN,NaN
1489256,NaN,1489257,English
1489258,NaN,1489260,English
1489259,NaN,NaN,NaN
1489261,NaN,1489262,English
1489263,NaN,1489264,English
1489265,NaN,1489266,English
1489267,NaN,1489268,English
1489269,NaN,NaN,NaN
1489270,NaN,NaN,NaN
1489271,NaN,NaN,NaN
1489272,NaN,NaN,NaN
1489273,NaN,NaN,NaN
1489274,NaN,NaN,NaN
1489275,NaN,NaN,NaN
1489276,NaN,NaN,NaN
1489277,NaN,NaN,NaN
1489278,NaN,NaN,NaN
1489279,NaN,NaN,NaN
1489280,NaN,NaN,NaN
1489281,NaN,NaN,NaN
1489282,NaN,NaN,NaN
1489283,NaN,NaN,NaN
1489284,NaN,NaN,NaN
1489285,NaN,NaN,NaN
1489286,NaN,1489324,Gujarati
1489287,NaN,NaN,NaN
1489288,NaN,NaN,NaN
1489289,NaN,NaN,NaN
1489290,NaN,NaN,NaN
1489291,NaN,NaN,NaN
1489292,NaN,NaN,NaN
1489293,NaN,1489330,Gujarati
1489294,NaN,1489328,Gujarati
1489295,NaN,NaN,NaN
1489296,NaN,NaN,NaN
1489297,NaN,NaN,NaN
1489298,NaN,NaN,NaN
1489299,NaN,NaN,NaN
1489300,NaN,NaN,NaN
1489301,NaN,1489323,Gujarati
1489302,NaN,NaN,NaN
1489303,NaN,1489304,English
1489305,NaN,1489306,English
1489307,NaN,NaN,NaN
1489308,NaN,NaN,NaN
1489309,NaN,NaN,NaN
1489310,NaN,NaN,NaN
1489311,NaN,NaN,NaN
1489312,NaN,NaN,NaN
1489313,NaN,NaN,NaN
1489314,NaN,NaN,NaN
1489315,NaN,NaN,NaN
1489316,NaN,NaN,NaN
1489317,NaN,NaN,NaN
1489318,NaN,NaN,NaN
1489319,NaN,NaN,NaN
1489320,NaN,1489322,English
1489321,NaN,NaN,NaN
1489325,NaN,NaN,NaN
1489326,NaN,NaN,NaN
1489327,NaN,NaN,NaN
1489329,NaN,NaN,NaN
1489331,NaN,NaN,NaN
1489332,NaN,NaN,NaN
1489333,NaN,NaN,NaN
1489334,NaN,NaN,NaN
1489335,NaN,NaN,NaN
1489336,NaN,NaN,NaN
1489337,NaN,NaN,NaN
1489338,NaN,NaN,NaN
1489339,NaN,NaN,NaN
1489340,NaN,NaN,NaN
1489341,NaN,NaN,NaN
1489342,NaN,NaN,NaN
1489343,NaN,NaN,NaN
1489344,NaN,NaN,NaN
1489345,NaN,NaN,NaN
1489346,NaN,NaN,NaN
1489347,NaN,NaN,NaN
1489348,NaN,NaN,NaN
1489349,NaN,NaN,NaN
1489350,NaN,NaN,NaN
1489351,NaN,NaN,NaN
1489352,NaN,NaN,NaN
1489353,NaN,NaN,NaN
1489354,NaN,NaN,NaN
1489355,NaN,NaN,NaN
1489356,NaN,NaN,NaN
1489357,NaN,NaN,NaN
1489358,NaN,NaN,NaN
1489359,NaN,NaN,NaN
1489360,NaN,NaN,NaN
1489361,NaN,NaN,NaN
1489362,NaN,NaN,NaN
1489363,NaN,NaN,NaN
1489364,NaN,NaN,NaN
1489365,NaN,NaN,NaN
1489366,NaN,NaN,NaN
1489367,NaN,NaN,NaN
1489368,NaN,NaN,NaN
1489369,NaN,NaN,NaN
1489370,NaN,NaN,NaN
1489371,NaN,NaN,NaN
1489372,NaN,NaN,NaN
1489373,NaN,NaN,NaN
1489374,NaN,NaN,NaN
1489375,NaN,NaN,NaN
1489376,NaN,NaN,NaN
1489377,NaN,NaN,NaN
1489378,NaN,NaN,NaN
1489379,NaN,NaN,NaN
1489380,NaN,NaN,NaN
1489381,NaN,NaN,NaN
1489382,NaN,NaN,NaN
1489383,NaN,NaN,NaN
1489384,NaN,NaN,NaN
1489385,NaN,NaN,NaN
1489386,NaN,NaN,NaN
1489387,NaN,NaN,NaN
1489388,NaN,NaN,NaN
1489389,NaN,NaN,NaN
1489390,NaN,NaN,NaN
1489391,NaN,NaN,NaN
1489392,NaN,NaN,NaN
1489393,NaN,NaN,NaN
1489394,NaN,NaN,NaN
1489395,NaN,NaN,NaN
1489396,NaN,NaN,NaN
1489397,NaN,NaN,NaN
1489398,NaN,NaN,NaN
1489399,NaN,NaN,NaN
1489400,NaN,NaN,NaN
1489401,NaN,NaN,NaN
1489402,NaN,NaN,NaN
1489403,NaN,NaN,NaN
1489404,NaN,NaN,NaN
1489405,NaN,NaN,NaN
1489406,NaN,NaN,NaN
1489407,NaN,NaN,NaN
1489408,NaN,NaN,NaN
1489409,NaN,NaN,NaN
1489410,NaN,NaN,NaN
1489411,NaN,NaN,NaN
1489412,NaN,NaN,NaN
1489413,NaN,NaN,NaN
1489414,NaN,NaN,NaN
1489415,NaN,NaN,NaN
1489416,NaN,NaN,NaN
1489417,NaN,NaN,NaN
1489418,NaN,NaN,NaN
1489419,NaN,NaN,NaN
1489420,NaN,NaN,NaN
1489421,NaN,NaN,NaN
1489422,NaN,NaN,NaN
1489423,NaN,NaN,NaN
1489424,NaN,NaN,NaN
1489425,NaN,NaN,NaN
1489426,NaN,NaN,NaN
1489427,NaN,1489428,Tamil
1489429,NaN,1489430,English
1489431,NaN,NaN,NaN
1489432,NaN,NaN,NaN
1489433,NaN,1489435,English
1489434,NaN,NaN,NaN
1489436,NaN,1489437,English
1489438,NaN,1489440,English
1489439,NaN,NaN,NaN
1489441,NaN,NaN,NaN
1489442,NaN,NaN,NaN
1489443,NaN,NaN,NaN
1489444,NaN,NaN,NaN
1489445,NaN,NaN,NaN
1489446,NaN,NaN,NaN
1489447,NaN,NaN,NaN
1489448,NaN,NaN,NaN
1489449,NaN,NaN,NaN
1489450,NaN,NaN,NaN
1489451,NaN,NaN,NaN
1489452,NaN,NaN,NaN
1489453,NaN,NaN,NaN
1489454,NaN,NaN,NaN
1489455,NaN,NaN,NaN
1489456,NaN,NaN,NaN
1489457,NaN,NaN,NaN
1489458,NaN,NaN,NaN
1489459,NaN,NaN,NaN
1489460,NaN,NaN,NaN
1489461,NaN,NaN,NaN
1489462,NaN,NaN,NaN
1489463,NaN,NaN,NaN
1489464,NaN,NaN,NaN
1489465,NaN,NaN,NaN
1489466,NaN,1489467,English
1489468,NaN,NaN,NaN
1489469,NaN,1489471,English
1489470,NaN,NaN,NaN
1489472,NaN,NaN,NaN
1489473,NaN,NaN,NaN
1489474,NaN,NaN,NaN
1489475,NaN,NaN,NaN
1489476,NaN,NaN,NaN
1489477,NaN,NaN,NaN
1489478,NaN,NaN,NaN
1489479,NaN,NaN,NaN
1489480,NaN,NaN,NaN
1489481,NaN,NaN,NaN
1489482,NaN,NaN,NaN
1489483,NaN,NaN,NaN
1489484,NaN,NaN,NaN
1489485,NaN,NaN,NaN
1489486,NaN,NaN,NaN
1489487,NaN,NaN,NaN
1489488,NaN,NaN,NaN
1489489,NaN,NaN,NaN
1489490,NaN,NaN,NaN
1489491,NaN,NaN,NaN
1489492,NaN,NaN,NaN
1489493,NaN,NaN,NaN
1489494,NaN,NaN,NaN
1489495,NaN,NaN,NaN
1489496,NaN,NaN,NaN
1489497,NaN,NaN,NaN
1489498,NaN,NaN,NaN
1489499,NaN,NaN,NaN
1489500,NaN,NaN,NaN
1489501,NaN,NaN,NaN
1489503,NaN,NaN,NaN
1489504,NaN,NaN,NaN
1489505,NaN,1489508,Hindi
1489506,NaN,1489544,Gujarati
1489507,NaN,1489541,Gujarati
1489509,NaN,NaN,NaN
1489510,NaN,NaN,NaN
1489511,NaN,1489540,Gujarati
1489512,NaN,NaN,NaN
1489513,NaN,1489542,Gujarati
1489514,NaN,NaN,NaN
1489515,NaN,NaN,NaN
1489516,NaN,NaN,NaN
1489517,NaN,1489518,English
1489519,NaN,NaN,NaN
1489520,NaN,NaN,NaN
1489521,NaN,NaN,NaN
1489522,NaN,NaN,NaN
1489523,NaN,NaN,NaN
1489524,NaN,NaN,NaN
1489525,NaN,NaN,NaN
1489526,NaN,NaN,NaN
1489527,NaN,NaN,NaN
1489528,NaN,NaN,NaN
1489529,NaN,1489530,English
1489531,NaN,NaN,NaN
1489532,NaN,NaN,NaN
1489533,NaN,NaN,NaN
1489534,NaN,NaN,NaN
1489535,NaN,NaN,NaN
1489536,NaN,NaN,NaN
1489537,NaN,NaN,NaN
1489538,NaN,NaN,NaN
1489539,NaN,NaN,NaN
1489543,NaN,NaN,NaN
1489545,NaN,NaN,NaN
1489546,NaN,NaN,NaN
1489547,NaN,NaN,NaN
1489548,NaN,NaN,NaN
1489549,NaN,NaN,NaN
1489550,NaN,NaN,NaN
1489551,NaN,NaN,NaN
1489552,NaN,NaN,NaN
1489553,NaN,NaN,NaN
1489554,NaN,NaN,NaN
1489555,NaN,NaN,NaN
1489556,NaN,NaN,NaN
1489557,NaN,NaN,NaN
1489558,NaN,NaN,NaN
1489559,NaN,NaN,NaN
1489560,NaN,NaN,NaN
1489561,NaN,NaN,NaN
1489562,NaN,NaN,NaN
1489563,NaN,NaN,NaN
1489564,NaN,NaN,NaN
1489565,NaN,NaN,NaN
1489566,NaN,NaN,NaN
1489567,NaN,NaN,NaN
1489568,NaN,NaN,NaN
1489569,NaN,NaN,NaN
1489570,NaN,NaN,NaN
1489571,NaN,NaN,NaN
1489572,NaN,NaN,NaN
1489573,NaN,NaN,NaN
1489574,NaN,NaN,NaN
1489575,NaN,NaN,NaN
1489576,NaN,NaN,NaN
1489577,NaN,NaN,NaN
1489578,NaN,NaN,NaN
1489579,NaN,NaN,NaN
1489580,NaN,NaN,NaN
1489581,NaN,NaN,NaN
1489582,NaN,NaN,NaN
1489583,NaN,NaN,NaN
1489584,NaN,NaN,NaN
1489585,NaN,NaN,NaN
1489586,NaN,1489587,English
1489588,NaN,1489590,English
1489589,NaN,NaN,NaN
1489591,NaN,1489592,English
1489594,NaN,1489593,Kannada
1489595,NaN,1489596,English
1489597,NaN,1489598,English
1489599,NaN,NaN,NaN
1489600,NaN,NaN,NaN
1489601,NaN,1489617,Gujarati
1489602,NaN,NaN,NaN
1489603,NaN,NaN,NaN
1489604,NaN,NaN,NaN
1489605,NaN,NaN,NaN
1489606,NaN,NaN,NaN
1489607,NaN,NaN,NaN
1489608,NaN,NaN,NaN
1489609,NaN,NaN,NaN
1489610,NaN,NaN,NaN
1489611,NaN,NaN,NaN
1489612,NaN,NaN,NaN
1489613,NaN,NaN,NaN
1489614,NaN,NaN,NaN
1489615,NaN,NaN,NaN
1489616,NaN,NaN,NaN
1489618,NaN,NaN,NaN
1489619,NaN,NaN,NaN
1489620,NaN,1489621,English
1489622,NaN,NaN,NaN
1489623,NaN,NaN,NaN
1489624,NaN,NaN,NaN
1489625,NaN,NaN,NaN
1489626,NaN,NaN,NaN
1489627,NaN,NaN,NaN
1489628,NaN,NaN,NaN
1489629,NaN,NaN,NaN
1489630,NaN,NaN,NaN
1489631,NaN,NaN,NaN
1489632,NaN,NaN,NaN
1489633,NaN,NaN,NaN
1489634,NaN,NaN,NaN
1489635,NaN,NaN,NaN
1489636,NaN,NaN,NaN
1489637,NaN,NaN,NaN
1489638,NaN,NaN,NaN
1489639,NaN,1489640,English
1489641,NaN,NaN,NaN
1489642,NaN,NaN,NaN
1489643,NaN,NaN,NaN
1489644,NaN,NaN,NaN
1489645,NaN,NaN,NaN
1489646,NaN,NaN,NaN
1489647,NaN,NaN,NaN
1489648,NaN,NaN,NaN
1489649,NaN,NaN,NaN
1489650,NaN,NaN,NaN
1489651,NaN,NaN,NaN
1489652,NaN,NaN,NaN
1489653,NaN,NaN,NaN
1489654,NaN,NaN,NaN
1489655,NaN,NaN,NaN
1489656,NaN,NaN,NaN
1489657,NaN,NaN,NaN
1489658,NaN,NaN,NaN
1489659,NaN,NaN,NaN
1489660,NaN,NaN,NaN
1489661,NaN,NaN,NaN
1489662,NaN,NaN,NaN
1489663,NaN,NaN,NaN
1489664,NaN,NaN,NaN
1489665,NaN,NaN,NaN
1489666,NaN,1489669,English
1489667,NaN,NaN,NaN
1489668,NaN,NaN,NaN
1489670,NaN,NaN,NaN
1489671,NaN,1489674,English
1489672,NaN,NaN,NaN
1489673,NaN,NaN,NaN
1489675,NaN,NaN,NaN
1489676,NaN,1489678,English
1489677,NaN,NaN,NaN
1489679,NaN,NaN,NaN
1489680,NaN,NaN,NaN
1489681,NaN,NaN,NaN
1489682,NaN,NaN,NaN
1489683,NaN,NaN,NaN
1489684,NaN,1489713,Urdu
1489685,NaN,NaN,NaN
1489686,NaN,NaN,NaN
1489687,NaN,NaN,NaN
1489688,NaN,NaN,NaN
1489689,NaN,NaN,NaN
1489690,NaN,NaN,NaN
1489691,NaN,NaN,NaN
1489692,NaN,1489712,Urdu
1489693,NaN,NaN,NaN
1489694,NaN,NaN,NaN
1489695,NaN,NaN,NaN
1489696,NaN,NaN,NaN
1489697,NaN,NaN,NaN
1489698,NaN,NaN,NaN
1489699,NaN,NaN,NaN
1489700,NaN,1489701,Telugu
1489702,NaN,1489711,Urdu
1489703,NaN,1489704,English
1489705,NaN,1489706,English
1489707,NaN,1489708,English
1489709,NaN,NaN,NaN
1489710,NaN,NaN,NaN
1489714,NaN,1489718,Hindi
1489715,NaN,NaN,NaN
1489716,NaN,NaN,NaN
1489717,NaN,NaN,NaN
1489719,NaN,NaN,NaN
1489720,NaN,NaN,NaN
1489721,NaN,NaN,NaN
1489722,NaN,NaN,NaN
1489723,NaN,NaN,NaN
1489724,NaN,NaN,NaN
1489725,NaN,NaN,NaN
1489726,NaN,NaN,NaN
1489727,NaN,NaN,NaN
1489728,NaN,NaN,NaN
1489729,NaN,NaN,NaN
1489730,NaN,NaN,NaN
1489731,NaN,NaN,NaN
1489732,NaN,NaN,NaN
1489733,NaN,NaN,NaN
1489734,NaN,NaN,NaN
1489735,NaN,NaN,NaN
1489736,NaN,NaN,NaN
1489737,NaN,NaN,NaN
1489738,NaN,NaN,NaN
1489739,NaN,1489740,English
1489741,NaN,NaN,NaN
1489742,NaN,NaN,NaN
1489743,NaN,1489745,English
1489744,NaN,NaN,NaN
1489746,NaN,NaN,NaN
1489747,NaN,NaN,NaN
1489748,NaN,NaN,NaN
1489749,NaN,NaN,NaN
1489750,NaN,NaN,NaN
1489751,NaN,NaN,NaN
1489752,NaN,NaN,NaN
1489753,NaN,NaN,NaN
1489754,NaN,NaN,NaN
1489755,NaN,NaN,NaN
1489756,NaN,NaN,NaN
1489757,NaN,NaN,NaN
1489758,NaN,NaN,NaN
1489759,NaN,NaN,NaN
1489760,NaN,NaN,NaN
1489761,NaN,NaN,NaN
1489762,NaN,NaN,NaN
1489763,NaN,NaN,NaN
1489764,NaN,NaN,NaN
1489765,NaN,NaN,NaN
1489766,NaN,NaN,NaN
1489767,NaN,NaN,NaN
1489768,NaN,NaN,NaN
1489769,NaN,NaN,NaN
1489770,NaN,NaN,NaN
1489771,NaN,NaN,NaN
1489772,NaN,NaN,NaN
1489773,NaN,NaN,NaN
1489774,NaN,NaN,NaN
1489775,NaN,NaN,NaN
1489776,NaN,NaN,NaN
1489777,NaN,NaN,NaN
1489778,NaN,NaN,NaN
1489779,NaN,1790066,Telugu
1489780,NaN,NaN,NaN
1489781,NaN,NaN,NaN
1489782,NaN,NaN,NaN
1489783,NaN,NaN,NaN
1489784,NaN,NaN,NaN
1489785,NaN,NaN,NaN
1489786,NaN,NaN,NaN
1489787,NaN,NaN,NaN
1489788,NaN,1489789,English
1489790,NaN,NaN,NaN
1489791,NaN,NaN,NaN
1489792,NaN,NaN,NaN
1489793,NaN,NaN,NaN
1489794,NaN,NaN,NaN
1489795,NaN,NaN,NaN
1489796,NaN,NaN,NaN
1489797,NaN,NaN,NaN
1489798,NaN,NaN,NaN
1489799,NaN,NaN,NaN
1489800,NaN,NaN,NaN
1489801,NaN,NaN,NaN
1489802,NaN,NaN,NaN
1489803,NaN,NaN,NaN
1489804,NaN,NaN,NaN
1489805,NaN,NaN,NaN
1489806,NaN,NaN,NaN
1489807,NaN,NaN,NaN
1489808,NaN,NaN,NaN
1489809,NaN,NaN,NaN
1489810,NaN,NaN,NaN
1489811,NaN,NaN,NaN
1489812,NaN,NaN,NaN
1489813,NaN,NaN,NaN
1489814,NaN,NaN,NaN
1489815,NaN,NaN,NaN
1489816,NaN,NaN,NaN
1489817,NaN,NaN,NaN
1489818,NaN,NaN,NaN
1489819,NaN,NaN,NaN
1489820,NaN,NaN,NaN
1489821,NaN,NaN,NaN
1489822,NaN,1489823,English
1489824,NaN,NaN,NaN
1489825,NaN,1489826,English
1489827,NaN,NaN,NaN
1489828,NaN,1489827,Kannada
1489829,NaN,1489830,English
1489831,NaN,NaN,NaN
1489832,NaN,NaN,NaN
1489833,NaN,NaN,NaN
1489834,NaN,NaN,NaN
1489835,NaN,NaN,NaN
1489836,NaN,NaN,NaN
1489837,NaN,NaN,NaN
1489838,NaN,NaN,NaN
1489839,NaN,NaN,NaN
1489840,NaN,NaN,NaN
1489841,NaN,NaN,NaN
1489842,NaN,NaN,NaN
1489843,NaN,NaN,NaN
1489844,NaN,NaN,NaN
1489845,NaN,NaN,NaN
1489846,NaN,NaN,NaN
1489847,NaN,NaN,NaN
1489848,NaN,NaN,NaN
1489849,NaN,NaN,NaN
1489850,NaN,NaN,NaN
1489851,NaN,NaN,NaN
1489852,NaN,NaN,NaN
1489853,NaN,NaN,NaN
1489854,NaN,NaN,NaN
1489855,NaN,NaN,NaN
1489856,NaN,NaN,NaN
1489857,NaN,NaN,NaN
1489858,NaN,NaN,NaN
1489859,NaN,NaN,NaN
1489860,NaN,NaN,NaN
1489861,NaN,NaN,NaN
1489862,NaN,NaN,NaN
1489863,NaN,NaN,NaN
1489864,NaN,NaN,NaN
1489865,NaN,NaN,NaN
1489866,NaN,NaN,NaN
1489867,NaN,NaN,NaN
1489868,NaN,NaN,NaN
1489869,NaN,NaN,NaN
1489870,NaN,NaN,NaN
1489871,NaN,NaN,NaN
1489872,NaN,NaN,NaN
1489873,NaN,NaN,NaN
1489874,NaN,NaN,NaN
1489875,NaN,NaN,NaN
1489876,NaN,NaN,NaN
1489877,NaN,NaN,NaN
1489878,NaN,NaN,NaN
1489879,NaN,NaN,NaN
1489880,NaN,1489881,English
1489882,NaN,NaN,NaN
1489883,NaN,NaN,NaN
1489884,NaN,NaN,NaN
1489885,NaN,NaN,NaN
1489886,NaN,NaN,NaN
1489887,NaN,NaN,NaN
